asset_url,ext,tags,used_on_pages
"https://storage.googleapis.com/studio-cms-assets/projects/NxqgdRVEa1/s-1008x646_1670c0c9-8d66-4b8b-94fc-45f1b77ca478.webp",webp,"img[src]","/news_contents/dx_report"
"https://storage.googleapis.com/studio-cms-assets/projects/NxqgdRVEa1/s-1008x756_v-fs_webp_f4b47096-b272-4404-bd7c-84dfa7e01700_small.webp",webp,"img[src]","/news_contents/k2GYkzev"
"https://storage.googleapis.com/studio-cms-assets/projects/NxqgdRVEa1/s-1024x1365_1aebcf61-a4b6-48aa-8557-0dadbcece530.webp",webp,"img[src]","/news_contents/direct_sales_growth"
"https://storage.googleapis.com/studio-cms-assets/projects/NxqgdRVEa1/s-1024x1671_7de46034-8c51-4fc2-9173-c5ea9eaed087.webp",webp,"img[src]","/news_contents/agrigpt"
"https://storage.googleapis.com/studio-cms-assets/projects/NxqgdRVEa1/s-1024x1699_3f1e3bcc-eb9c-4ee8-91d6-4c3c5dcc11b5.webp",webp,"img[src]","/news_contents/agrigpt"
"https://storage.googleapis.com/studio-cms-assets/projects/NxqgdRVEa1/s-1024x1708_74b4cb47-eaf2-434a-9d50-3d781218e3c3.webp",webp,"img[src]","/news_contents/agrigpt"
"https://storage.googleapis.com/studio-cms-assets/projects/NxqgdRVEa1/s-1024x1722_cfd0d64d-4716-4a0d-92a3-b60012140363.webp",webp,"img[src]","/news_contents/agrigpt"
"https://storage.googleapis.com/studio-cms-assets/projects/NxqgdRVEa1/s-1024x1726_a7718d7d-86af-4af6-9a34-c6f777f4cd0e.webp",webp,"img[src]","/news_contents/agrigpt"
"https://storage.googleapis.com/studio-cms-assets/projects/NxqgdRVEa1/s-1024x1746_437e73bd-4001-4db7-8b1e-3fc02e4db964.webp",webp,"img[src]","/news_contents/agrigpt"
"https://storage.googleapis.com/studio-cms-assets/projects/NxqgdRVEa1/s-1024x1762_eba25042-d545-4649-b4b4-607806c4ed5c.webp",webp,"img[src]","/news_contents/agrigpt"
"https://storage.googleapis.com/studio-cms-assets/projects/NxqgdRVEa1/s-1024x1934_f4d4f7c1-d50a-4f99-9c0a-91275ece6224.webp",webp,"img[src]","/news_contents/agrigpt"
"https://storage.googleapis.com/studio-cms-assets/projects/NxqgdRVEa1/s-1024x1977_1cb272f9-ec05-4ad5-9a08-c18a31853932.webp",webp,"img[src]","/news_contents/agrigpt"
"https://storage.googleapis.com/studio-cms-assets/projects/NxqgdRVEa1/s-1024x1977_a717acd0-5b58-4ea1-94bc-0dc1cfec436c.webp",webp,"img[src]","/news_contents/agrigpt"
"https://storage.googleapis.com/studio-cms-assets/projects/NxqgdRVEa1/s-1024x1977_e5d2475f-4625-4176-8113-d8cd5e711384.webp",webp,"img[src]","/news_contents/agrigpt"
"https://storage.googleapis.com/studio-cms-assets/projects/NxqgdRVEa1/s-1024x1988_8a969fbd-4638-4d21-9c25-33cd971a6aec.webp",webp,"img[src]","/news_contents/agrigpt"
"https://storage.googleapis.com/studio-cms-assets/projects/NxqgdRVEa1/s-1024x1991_60ada190-52ff-467a-92ef-f9a1e5af0a7c.webp",webp,"img[src]","/news_contents/agrigpt"
"https://storage.googleapis.com/studio-cms-assets/projects/NxqgdRVEa1/s-1024x566_v-fs_webp_cc5db43c-1402-404f-b31e-3ff35f3d8c25_small.webp",webp,"img[src]","/news_contents/q34MK8ul"
"https://storage.googleapis.com/studio-cms-assets/projects/NxqgdRVEa1/s-1024x574_2ea2085e-bbc9-4f31-9309-8991ca26839e.webp",webp,"img[src]","/news_contents/direct_sales_growth"
"https://storage.googleapis.com/studio-cms-assets/projects/NxqgdRVEa1/s-1024x576_v-fs_webp_ec00e50d-105c-46d3-96e4-1ad9c7b2e642_small.webp",webp,"img[src]","/news_contents/t9wJn0bC"
"https://storage.googleapis.com/studio-cms-assets/projects/NxqgdRVEa1/s-1024x577_c75f65b4-3c26-4285-ae32-ca9abc96c24d.webp",webp,"img[src]","/news_contents/agrigpt"
"https://storage.googleapis.com/studio-cms-assets/projects/NxqgdRVEa1/s-1024x683_b52d8a41-320a-4393-9c2b-701fad043d0c.webp",webp,"img[src]","/news_contents/agrigpt"
"https://storage.googleapis.com/studio-cms-assets/projects/NxqgdRVEa1/s-1024x683_v-fs_webp_da672214-4ce1-4992-a0a2-7598c46aff4c_small.webp",webp,"img[src]","/news_contents/ioTzQaMU"
"https://storage.googleapis.com/studio-cms-assets/projects/NxqgdRVEa1/s-1024x685_b514c8b3-c93c-4c8d-b42b-0a857e527a02.webp",webp,"img[src]","/news_contents/report_saver"
"https://storage.googleapis.com/studio-cms-assets/projects/NxqgdRVEa1/s-1024x705_6558a581-1069-475a-9522-4d77e6fc6b7c.webp",webp,"img[src]","/news_contents/agri_ai_pest_diagnosis"
"https://storage.googleapis.com/studio-cms-assets/projects/NxqgdRVEa1/s-1024x711_821bb04a-aed7-4feb-8b58-1d1ff4586b0b.webp",webp,"img[src]","/news_contents/direct_sales_growth"
"https://storage.googleapis.com/studio-cms-assets/projects/NxqgdRVEa1/s-1024x767_v-fs_webp_c4ccf775-3f83-43b6-a48f-75a9907109a6_small.webp",webp,"img[src]","/news_contents/oZ-rajFC"
"https://storage.googleapis.com/studio-cms-assets/projects/NxqgdRVEa1/s-1024x791_v-fs_webp_c3d59aba-f5a6-4eb8-8c32-013ecb4f7a84_small.webp",webp,"img[src]","/news_contents/vzi9FenR"
"https://storage.googleapis.com/studio-cms-assets/projects/NxqgdRVEa1/s-1032x374_v-fs_webp_365598aa-2504-4213-b14b-5931ccc97577.webp",webp,"img[src]","/news_contents/dx_report"
"https://storage.googleapis.com/studio-cms-assets/projects/NxqgdRVEa1/s-1035x573_v-fs_webp_847728ce-3169-453d-8218-b2b85838c960_small.webp",webp,"img[src]","/news_contents/S4pDH2FW"
"https://storage.googleapis.com/studio-cms-assets/projects/NxqgdRVEa1/s-1080x1080_v-fs_webp_7e75f30e-175d-4040-85e3-1f3616cf60a8.webp",webp,"img[src]","/news_contents/Lt7nhAJW"
"https://storage.googleapis.com/studio-cms-assets/projects/NxqgdRVEa1/s-1080x1350_v-fms_webp_54a3ca7e-9cc4-4334-8a6c-47c96f9e203d_middle.webp",webp,"img[src]","/news_contents/startup_seminar"
"https://storage.googleapis.com/studio-cms-assets/projects/NxqgdRVEa1/s-1106x656_fabac142-8469-4af3-b5d0-cf565ef73a6d.webp",webp,"img[src]","/news_contents/direct_sales_growth"
"https://storage.googleapis.com/studio-cms-assets/projects/NxqgdRVEa1/s-1228x900_v-fms_webp_af2d4da4-5163-4eeb-a4a5-10497c37478d_small.webp",webp,"img[src]","/news_contents/fieldworkers_LA-Eye"
"https://storage.googleapis.com/studio-cms-assets/projects/NxqgdRVEa1/s-1273x433_v-fms_webp_8142bd99-0d34-4703-8203-31102969350e_small.webp",webp,"img[src]","/news_contents/hotalux"
"https://storage.googleapis.com/studio-cms-assets/projects/NxqgdRVEa1/s-1280x670_v-fms_webp_01c5f416-63e7-4e0b-8b97-c68ebcec1ea0_middle.webp",webp,"img[src]","/news_contents/shindan_nagasaki"
"https://storage.googleapis.com/studio-cms-assets/projects/NxqgdRVEa1/s-1280x670_v-fms_webp_2581fe92-2ef3-4df8-8ab9-6bed6ad82de1_middle.webp",webp,"img[src]","/news_contents/report_nishinihon_seizou_gijutsu_innovation_2025"
"https://storage.googleapis.com/studio-cms-assets/projects/NxqgdRVEa1/s-1280x670_v-fms_webp_2cb93f76-c9a0-43c2-9113-6c4c2ad33c45_middle.webp",webp,"img[src]","/news_contents/dx_navi"
"https://storage.googleapis.com/studio-cms-assets/projects/NxqgdRVEa1/s-1280x670_v-fms_webp_3e5e0ad6-64f0-453e-9e22-d49a41eed540_middle.webp",webp,"img[src]","/news_contents/kix_regional"
"https://storage.googleapis.com/studio-cms-assets/projects/NxqgdRVEa1/s-1280x670_v-fms_webp_44ee925f-d0dd-4a23-a3b2-150b0210b5a6_middle.webp",webp,"img[src]","/news_contents/mirai_kigyou_nagasaki"
"https://storage.googleapis.com/studio-cms-assets/projects/NxqgdRVEa1/s-1280x670_v-fms_webp_460a9494-5a0c-4c85-92d9-169a04e0600c_middle.webp",webp,"img[src]","/news_contents/nagasaki-kadai"
"https://storage.googleapis.com/studio-cms-assets/projects/NxqgdRVEa1/s-1280x670_v-fms_webp_4aeed6e4-61a9-4a79-b796-f5ba60fe5654_middle.webp",webp,"img[src]","/news_contents/LA-Eye_release_0-0-10"
"https://storage.googleapis.com/studio-cms-assets/projects/NxqgdRVEa1/s-1280x670_v-fms_webp_53c050d9-fb41-48e3-af75-030de4304ffd_middle.webp",webp,"img[src]","/news_contents/LA-Eye_release_0-0-8"
"https://storage.googleapis.com/studio-cms-assets/projects/NxqgdRVEa1/s-1280x670_v-fms_webp_76bdc714-af67-48cc-b6be-b931530c33d1_middle.webp",webp,"img[src]","/news_contents/LA-Eye_release_0-0-9"
"https://storage.googleapis.com/studio-cms-assets/projects/NxqgdRVEa1/s-1280x670_v-fms_webp_856deab4-8203-45c1-b4eb-7da81bcb5e9a_middle.webp",webp,"img[src]","/news_contents/expert_seminar"
"https://storage.googleapis.com/studio-cms-assets/projects/NxqgdRVEa1/s-1280x670_v-fms_webp_b8d039f4-01cf-42b0-b978-7f9305dd2072_middle.webp",webp,"img[src]","/news_contents/LA-Eye_release_0-0-7"
"https://storage.googleapis.com/studio-cms-assets/projects/NxqgdRVEa1/s-1280x670_v-fms_webp_bb98e9d3-4287-4ffc-8595-330f78fdb8e6_middle.webp",webp,"img[src]","/news_contents/250704_nishinihon_seizou_gijutsu_innovation_2025"
"https://storage.googleapis.com/studio-cms-assets/projects/NxqgdRVEa1/s-1280x670_v-fms_webp_c689fb13-c5fc-4b93-ae05-b224425a11cb_middle.webp",webp,"img[src]","/news_contents/250702_nishinihon_seizou_gijutsu_innovation_2025"
"https://storage.googleapis.com/studio-cms-assets/projects/NxqgdRVEa1/s-1280x670_v-fms_webp_cd53510b-d457-49eb-978b-b9077a797640_middle.webp",webp,"img[src]","/news_contents/LA-Eye_release_0-0-13"
"https://storage.googleapis.com/studio-cms-assets/projects/NxqgdRVEa1/s-1280x670_v-fms_webp_d12afe34-384d-481b-a2e5-ae2786ce5905_middle.webp",webp,"img[src]","/news_contents/LA-Eye_release_0-0-11"
"https://storage.googleapis.com/studio-cms-assets/projects/NxqgdRVEa1/s-1280x670_v-fms_webp_d266856c-5898-4afb-ad13-6981ab556b4d_middle.webp",webp,"img[src]","/news_contents/startup_seminar"
"https://storage.googleapis.com/studio-cms-assets/projects/NxqgdRVEa1/s-1280x670_v-fms_webp_de4392a0-6c55-4b18-919f-fbedb608e6be_middle.webp",webp,"img[src]","/news_contents/dx_seminar"
"https://storage.googleapis.com/studio-cms-assets/projects/NxqgdRVEa1/s-1280x670_v-fms_webp_f2d0002c-d6c3-4ff0-952b-5e046ad4129e_middle.webp",webp,"img[src]","/news_contents/innovation-highschool"
"https://storage.googleapis.com/studio-cms-assets/projects/NxqgdRVEa1/s-1280x670_v-fms_webp_faf0281c-0e74-486c-8125-2564cdb7c3f5_middle.webp",webp,"img[src]","/news_contents/nishinihon_seizou_gijutsu_innovation_2025"
"https://storage.googleapis.com/studio-cms-assets/projects/NxqgdRVEa1/s-1280x670_v-fms_webp_fb06cfe2-88ff-4f57-a83c-089b40acce04_middle.webp",webp,"img[src]","/news_contents/LA-Eye_release_0-0-12"
"https://storage.googleapis.com/studio-cms-assets/projects/NxqgdRVEa1/s-1280x720_5dbe0710-3d09-4f87-9464-8d360f27431f.webp",webp,"img[src]","/news_contents/direct_sales_growth"
"https://storage.googleapis.com/studio-cms-assets/projects/NxqgdRVEa1/s-1280x720_b4e1ec17-08cb-43c3-b34b-a9154632256e.webp",webp,"img[src]","/news_contents/forecast_ai"
"https://storage.googleapis.com/studio-cms-assets/projects/NxqgdRVEa1/s-1280x720_v-fms_webp_0a245191-17a3-4702-8004-e5080802329b_middle.webp",webp,"img[src]","/news_contents/m6t-E6UJ"
"https://storage.googleapis.com/studio-cms-assets/projects/NxqgdRVEa1/s-1280x720_v-fms_webp_0b3ef3c1-90e4-4f41-b061-8f1a4e64237e_middle.webp",webp,"img[src]","/news_contents/BT7Lhn4m"
"https://storage.googleapis.com/studio-cms-assets/projects/NxqgdRVEa1/s-1280x720_v-fms_webp_1507c87e-a16e-4881-9ef5-355dfe011771_middle.webp",webp,"img[src]","/news_contents/7TdtUzAk"
"https://storage.googleapis.com/studio-cms-assets/projects/NxqgdRVEa1/s-1280x720_v-fms_webp_1802be9e-7d2e-4aaf-95bd-c5c675b62165_middle.webp",webp,"img[src]","/news_contents/qLXH9V5q"
"https://storage.googleapis.com/studio-cms-assets/projects/NxqgdRVEa1/s-1280x720_v-fms_webp_1d9a7971-edc4-4177-ae7b-9dcd29559886_middle.webp",webp,"img[src]","/news_contents/k2GYkzev"
"https://storage.googleapis.com/studio-cms-assets/projects/NxqgdRVEa1/s-1280x720_v-fms_webp_1dd6ddb3-79eb-4183-8d5a-c97c1dcab9c9_middle.webp",webp,"img[src]","/news_contents/ioTzQaMU"
"https://storage.googleapis.com/studio-cms-assets/projects/NxqgdRVEa1/s-1280x720_v-fms_webp_1ea1b4da-59d6-416d-9bdd-5957a96447c7_middle.webp",webp,"img[src]","/news_contents/YVtpxE-Z"
"https://storage.googleapis.com/studio-cms-assets/projects/NxqgdRVEa1/s-1280x720_v-fms_webp_2a9480db-2d11-48d8-bb62-cbb2d39ec9cb_middle.webp",webp,"img[src]","/news_contents/NiHxC15e"
"https://storage.googleapis.com/studio-cms-assets/projects/NxqgdRVEa1/s-1280x720_v-fms_webp_30a21963-2a1c-4814-b28c-17f982b935d6_small.webp",webp,"img[src]","/news_contents/nagasaki-kadai"
"https://storage.googleapis.com/studio-cms-assets/projects/NxqgdRVEa1/s-1280x720_v-fms_webp_3b9236c8-685c-40d3-9f65-1c2719d46b18_middle.webp",webp,"img[src]","/news_contents/7Gdyp5tY"
"https://storage.googleapis.com/studio-cms-assets/projects/NxqgdRVEa1/s-1280x720_v-fms_webp_3dbea46d-ec3e-42c6-a502-00fc0e3b3b2e_middle.webp",webp,"img[src]","/news_contents/UEH3LjRQ"
"https://storage.googleapis.com/studio-cms-assets/projects/NxqgdRVEa1/s-1280x720_v-fms_webp_4ebaee8e-e97b-49a7-8900-4eb304ea41e5_middle.webp",webp,"img[src]","/news_contents/xk661-eM"
"https://storage.googleapis.com/studio-cms-assets/projects/NxqgdRVEa1/s-1280x720_v-fms_webp_59d96c13-473a-496c-ba47-7df1a49f02ec_middle.webp",webp,"img[src]","/news_contents/q34MK8ul"
"https://storage.googleapis.com/studio-cms-assets/projects/NxqgdRVEa1/s-1280x720_v-fms_webp_62f7221d-271d-49fb-9ac8-4902e84e544b_middle.webp",webp,"img[src]","/news_contents/euDlXpBw"
"https://storage.googleapis.com/studio-cms-assets/projects/NxqgdRVEa1/s-1280x720_v-fms_webp_65f98842-2dec-46c3-be2e-a5de8b065b54_middle.webp",webp,"img[src]","/news_contents/FmnESg5f"
"https://storage.googleapis.com/studio-cms-assets/projects/NxqgdRVEa1/s-1280x720_v-fms_webp_6bc931cc-560c-4a6d-bb47-2e2cfe65b292_middle.webp",webp,"img[src]","/news_contents/6Z3uIHE8"
"https://storage.googleapis.com/studio-cms-assets/projects/NxqgdRVEa1/s-1280x720_v-fms_webp_7016965f-0a08-47cf-b6a1-1c3eaa9f408f_middle.webp",webp,"img[src]","/news_contents/ac_-URXq"
"https://storage.googleapis.com/studio-cms-assets/projects/NxqgdRVEa1/s-1280x720_v-fms_webp_73960c1d-4e47-4a05-901f-f0b0bffba27d_middle.webp",webp,"img[src]","/news_contents/tPoKCAYT"
"https://storage.googleapis.com/studio-cms-assets/projects/NxqgdRVEa1/s-1280x720_v-fms_webp_749b82f8-baae-40b3-bee1-dbe1c4435691_middle.webp",webp,"img[src]","/news_contents/oGSdJQFD"
"https://storage.googleapis.com/studio-cms-assets/projects/NxqgdRVEa1/s-1280x720_v-fms_webp_7ec4e959-ec4f-4edf-8fe5-cb70cd3b0d31_middle.webp",webp,"img[src]","/news_contents/1Px2hizl"
"https://storage.googleapis.com/studio-cms-assets/projects/NxqgdRVEa1/s-1280x720_v-fms_webp_82dba784-1a26-4179-b800-402e61703193_middle.webp",webp,"img[src]","/news_contents/ZWPIHuWg"
"https://storage.googleapis.com/studio-cms-assets/projects/NxqgdRVEa1/s-1280x720_v-fms_webp_8381336d-d3ef-4470-8a70-9937dccd7417_middle.webp",webp,"img[src]","/news_contents/ejoRouMk"
"https://storage.googleapis.com/studio-cms-assets/projects/NxqgdRVEa1/s-1280x720_v-fms_webp_87a6b8fb-00d7-46f2-b698-dce0c8bd05b4_middle.webp",webp,"img[src]","/news_contents/qzbeT2B-"
"https://storage.googleapis.com/studio-cms-assets/projects/NxqgdRVEa1/s-1280x720_v-fms_webp_87fa3b15-0085-4d51-bd42-8f5557d47503_middle.webp",webp,"img[src]","/news_contents/iyu1JSMN"
"https://storage.googleapis.com/studio-cms-assets/projects/NxqgdRVEa1/s-1280x720_v-fms_webp_8c2d9ec8-920d-4f27-b1a6-a44d76a52919_middle.webp",webp,"img[src]","/news_contents/sMHFHQeb"
"https://storage.googleapis.com/studio-cms-assets/projects/NxqgdRVEa1/s-1280x720_v-fms_webp_8fc6bae2-26ab-4b28-a70a-07229c189555_middle.webp",webp,"img[src]","/news_contents/S4pDH2FW"
"https://storage.googleapis.com/studio-cms-assets/projects/NxqgdRVEa1/s-1280x720_v-fms_webp_90f9cd0c-4971-4138-912c-c35e9e24a3da_middle.webp",webp,"img[src]","/news_contents/vzi9FenR"
"https://storage.googleapis.com/studio-cms-assets/projects/NxqgdRVEa1/s-1280x720_v-fms_webp_a0dff4d0-5a9c-42a4-8202-99225d081f5f_middle.webp",webp,"img[src]","/news_contents/HK-Rx2vO"
"https://storage.googleapis.com/studio-cms-assets/projects/NxqgdRVEa1/s-1280x720_v-fms_webp_a1365027-5985-4a9b-b3ad-5c7f11f19428_middle.webp",webp,"img[src]","/news_contents/IyMtZRmH"
"https://storage.googleapis.com/studio-cms-assets/projects/NxqgdRVEa1/s-1280x720_v-fms_webp_a7c1ace2-e93b-4520-b7ee-932a5dc832e1_middle.webp",webp,"img[src]","/news_contents/-OpwbTU-"
"https://storage.googleapis.com/studio-cms-assets/projects/NxqgdRVEa1/s-1280x720_v-fms_webp_af86a58f-15bf-4f08-9420-3e04a9b61731_middle.webp",webp,"img[src]","/news_contents/oZ-rajFC"
"https://storage.googleapis.com/studio-cms-assets/projects/NxqgdRVEa1/s-1280x720_v-fms_webp_b180624c-5149-41a8-bf9c-48f1c573f2ba_middle.webp",webp,"img[src]","/news_contents/Vgalo5B5"
"https://storage.googleapis.com/studio-cms-assets/projects/NxqgdRVEa1/s-1280x720_v-fms_webp_b41d2293-2f7f-49b7-8187-653da47521d8_middle.webp",webp,"img[src]","/news_contents/pPOb6E5w"
"https://storage.googleapis.com/studio-cms-assets/projects/NxqgdRVEa1/s-1280x720_v-fms_webp_b46f539c-2178-4b33-aa64-ba6c187d42cf_middle.webp",webp,"img[src]","/news_contents/BmQLVABP"
"https://storage.googleapis.com/studio-cms-assets/projects/NxqgdRVEa1/s-1280x720_v-fms_webp_b59c9be1-a45f-4658-a7cf-9e121be593ec_middle.webp",webp,"img[src]","/news_contents/0DfeKPBh"
"https://storage.googleapis.com/studio-cms-assets/projects/NxqgdRVEa1/s-1280x720_v-fms_webp_b812d107-e573-4f18-923d-1f62e5f11a95_middle.webp",webp,"img[src]","/news_contents/aKi4hP-D"
"https://storage.googleapis.com/studio-cms-assets/projects/NxqgdRVEa1/s-1280x720_v-fms_webp_baa8ecfb-c3d5-4fb3-9466-1daecd4ea9d6_middle.webp",webp,"img[src]","/news_contents/u8hSDbWA"
"https://storage.googleapis.com/studio-cms-assets/projects/NxqgdRVEa1/s-1280x720_v-fms_webp_c3344dd8-e495-45f9-bc14-aec7a01d8f08_middle.webp",webp,"img[src]","/news_contents/TJ_5LNET"
"https://storage.googleapis.com/studio-cms-assets/projects/NxqgdRVEa1/s-1280x720_v-fms_webp_c9aaea68-5ad6-43e6-9c1a-2bca2f2a3fc3_middle.webp",webp,"img[src]","/news_contents/KYoUuJfD"
"https://storage.googleapis.com/studio-cms-assets/projects/NxqgdRVEa1/s-1280x720_v-fms_webp_d8517906-4ced-498d-b2f7-caa96886deed_middle.webp",webp,"img[src]","/news_contents/J1ljKHj2"
"https://storage.googleapis.com/studio-cms-assets/projects/NxqgdRVEa1/s-1280x720_v-fms_webp_e54c66aa-91df-4cfe-9df9-d7a4bd693e7e_middle.webp",webp,"img[src]","/news_contents/t9wJn0bC"
"https://storage.googleapis.com/studio-cms-assets/projects/NxqgdRVEa1/s-1280x720_v-fms_webp_eb175d4f-6955-4273-b6cc-4d9ada940788_middle.webp",webp,"img[src]","/news_contents/CqtCQZlx"
"https://storage.googleapis.com/studio-cms-assets/projects/NxqgdRVEa1/s-1280x720_v-fms_webp_ed9e11c7-73c2-4fc9-8d83-f66e6cf3f01f_middle.webp",webp,"img[src]","/news_contents/lEnl6jVE"
"https://storage.googleapis.com/studio-cms-assets/projects/NxqgdRVEa1/s-1280x720_v-fms_webp_f10cb30a-360b-47d3-b808-7b7150999fcd_middle.webp",webp,"img[src]","/news_contents/4M-nVyea"
"https://storage.googleapis.com/studio-cms-assets/projects/NxqgdRVEa1/s-1285x943_v-fms_webp_8e4526e7-c694-46ff-ad2d-e546d8218b3d_small.webp",webp,"img[src]","/news_contents/chukoh"
"https://storage.googleapis.com/studio-cms-assets/projects/NxqgdRVEa1/s-1399x483_v-fms_webp_eb2d45e3-e30d-474f-9790-2e25939e2995_small.webp",webp,"img[src]","/news_contents/digital_kiban"
"https://storage.googleapis.com/studio-cms-assets/projects/NxqgdRVEa1/s-1405x960_v-fms_webp_f1dbfa03-40ea-44df-8b8c-e66ac382589c_small.webp",webp,"img[src]","/news_contents/7TdtUzAk"
"https://storage.googleapis.com/studio-cms-assets/projects/NxqgdRVEa1/s-1451x661_a644e681-2ca2-4f31-8d0a-1bfaa303db47.webp",webp,"img[src]","/news_contents/dx_report"
"https://storage.googleapis.com/studio-cms-assets/projects/NxqgdRVEa1/s-1453x648_efce32be-59ec-4e00-a893-759bde3dd302.webp",webp,"img[src]","/news_contents/dx_report"
"https://storage.googleapis.com/studio-cms-assets/projects/NxqgdRVEa1/s-1461x694_v-fms_webp_8c13329c-1605-4711-84ed-269fdb810377_small.webp",webp,"img[src]","/news_contents/shimz_sojitz"
"https://storage.googleapis.com/studio-cms-assets/projects/NxqgdRVEa1/s-1535x960_v-fms_webp_fe898ce2-e9c7-4070-8408-3bddd9957b04_small.webp",webp,"img[src]","/news_contents/IyMtZRmH"
"https://storage.googleapis.com/studio-cms-assets/projects/NxqgdRVEa1/s-1536x598_v-fms_webp_ae1fb2c7-e8ec-43ea-a96e-562ab1c8ffe5_small.webp",webp,"img[src]","/news_contents/BmQLVABP"
"https://storage.googleapis.com/studio-cms-assets/projects/NxqgdRVEa1/s-1536x842_v-fms_webp_7083add9-7801-4ebd-8652-41d9ee0a0abd_small.webp",webp,"img[src]","/news_contents/Vgalo5B5"
"https://storage.googleapis.com/studio-cms-assets/projects/NxqgdRVEa1/s-1708x874_4b76b816-4603-46bd-8efc-0614e5a452c6.webp",webp,"img[src]","/news_contents/partnership_declaration"
"https://storage.googleapis.com/studio-cms-assets/projects/NxqgdRVEa1/s-1748x1051_v-fms_webp_9b6ed9ba-2039-4133-abdb-d818b7930d1d_small.webp",webp,"img[src]","/news_contents/0DfeKPBh"
"https://storage.googleapis.com/studio-cms-assets/projects/NxqgdRVEa1/s-1920x1005_v-frms_webp_23509d27-96b3-4017-aa4a-faec1cab206b_middle.webp",webp,"img[src]","/news_contents/fieldworkers_LA-Eye"
"https://storage.googleapis.com/studio-cms-assets/projects/NxqgdRVEa1/s-1920x1005_v-frms_webp_34d4a733-048e-4e61-8b5b-0c2bf7ca8472_middle.webp",webp,"img[src]","/news_contents/shimz_sojitz"
"https://storage.googleapis.com/studio-cms-assets/projects/NxqgdRVEa1/s-1920x1005_v-frms_webp_487830d9-dc68-483a-8f74-cd5429cfac91_middle.webp",webp,"img[src]","/news_contents/nagase_nitsasebo"
"https://storage.googleapis.com/studio-cms-assets/projects/NxqgdRVEa1/s-1920x1005_v-frms_webp_520f47e9-cc35-4e4c-8303-97d774f4e1b3_middle.webp",webp,"img[src]","/news_contents/hotalux"
"https://storage.googleapis.com/studio-cms-assets/projects/NxqgdRVEa1/s-1920x1005_v-frms_webp_6ad86505-bb08-4ca8-b8d0-fa1a23b1b765_middle.webp",webp,"img[src]","/news_contents/nikkan_nagase"
"https://storage.googleapis.com/studio-cms-assets/projects/NxqgdRVEa1/s-1920x1005_v-frms_webp_920d6693-cf5e-4e4c-8284-fe97172f04d8_middle.webp",webp,"img[src]","/news_contents/chukoh"
"https://storage.googleapis.com/studio-cms-assets/projects/NxqgdRVEa1/s-1920x1005_v-frms_webp_ccae9577-cb07-4989-881d-9c4aa16bf558_middle.webp",webp,"img[src]","/news_contents/nagase-i"
"https://storage.googleapis.com/studio-cms-assets/projects/NxqgdRVEa1/s-1920x1005_v-frms_webp_d06b05be-3124-4d55-b0e3-649381305239_middle.webp",webp,"img[src]","/news_contents/digital_kiban"
"https://storage.googleapis.com/studio-cms-assets/projects/NxqgdRVEa1/s-1920x1005_v-frms_webp_d73ad93b-13bf-4a53-a923-4b9f316d8a2d_middle.webp",webp,"img[src]","/news_contents/nit-sasebo"
"https://storage.googleapis.com/studio-cms-assets/projects/NxqgdRVEa1/s-1920x1080_471c67f9-2881-4050-957c-9f5fa0f8cb99.webp",webp,"img[src]","/news_contents/agrigpt"
"https://storage.googleapis.com/studio-cms-assets/projects/NxqgdRVEa1/s-1920x1080_5b214a3d-ac76-4508-a8a5-b252411781b2.webp",webp,"img[src]","/news_contents/agrigpt"
"https://storage.googleapis.com/studio-cms-assets/projects/NxqgdRVEa1/s-2048x1113_143c0bb3-4e2f-41a0-83f6-251aadcbacd8.webp",webp,"img[src]","/news_contents/pollination_drone"
"https://storage.googleapis.com/studio-cms-assets/projects/NxqgdRVEa1/s-2048x1152_98f0f8e2-ab5e-43cd-a13f-af2eaebd0daf.webp",webp,"img[src]","/news_contents/dx_training"
"https://storage.googleapis.com/studio-cms-assets/projects/NxqgdRVEa1/s-2048x1356_b18fc711-6fe5-48b8-8942-196f9d273461.webp",webp,"img[src]","/news_contents/report_saver"
"https://storage.googleapis.com/studio-cms-assets/projects/NxqgdRVEa1/s-2048x1365_1422db45-c31d-4119-86b0-f76a4de766af.webp",webp,"img[src]","/news_contents/agri_ai_pest_diagnosis"
"https://storage.googleapis.com/studio-cms-assets/projects/NxqgdRVEa1/s-2048x1366_3e549101-4b3e-44a9-9250-0b2efb1d159f.webp",webp,"img[src]","/news_contents/production_system"
"https://storage.googleapis.com/studio-cms-assets/projects/NxqgdRVEa1/s-2048x1536_28527e63-be23-41bd-a2e0-cfc9e9b523d0.webp",webp,"img[src]","/news_contents/direct_sales_growth"
"https://storage.googleapis.com/studio-cms-assets/projects/NxqgdRVEa1/s-2048x740_03080a55-eeaa-4804-a7a3-9c7248629380.webp",webp,"img[src]","/news_contents/partnership_declaration"
"https://storage.googleapis.com/studio-cms-assets/projects/NxqgdRVEa1/s-229x229_1b834503-cc71-43d0-90ec-e7076ced1ef3.webp",webp,"img[src]","/news_contents/production_system"
"https://storage.googleapis.com/studio-cms-assets/projects/NxqgdRVEa1/s-250x261_webp_5bfae156-c20e-4b9f-bbe1-5ef079d05d82.webp",webp,"img[src]","/news_contents/TJ_5LNET"
"https://storage.googleapis.com/studio-cms-assets/projects/NxqgdRVEa1/s-2560x1340_v-frms_webp_a856275b-3bb8-4435-8dad-5a358d69ba18_middle.webp",webp,"img[src]","/news_contents/ai_workshop"
"https://storage.googleapis.com/studio-cms-assets/projects/NxqgdRVEa1/s-288x288_webp_d0abcd7e-305d-4c55-bfa2-3dde2f958b5e.webp",webp,"img[src]","/news_contents/ejoRouMk"
"https://storage.googleapis.com/studio-cms-assets/projects/NxqgdRVEa1/s-2894x1659_v-frms_webp_4ed24024-c210-40dd-a142-fd054df98851_small.webp",webp,"img[src]","/news_contents/nishinihon_seizou_gijutsu_innovation_2025"
"https://storage.googleapis.com/studio-cms-assets/projects/NxqgdRVEa1/s-299x251_c9ba84dd-1e82-4945-8f0f-a69aa218fb80.webp",webp,"img[src]","/news_contents/direct_sales_growth"
"https://storage.googleapis.com/studio-cms-assets/projects/NxqgdRVEa1/s-326x213_webp_f19fedbe-049e-4800-9dbf-f1f7323d1b38.webp",webp,"img[src]","/news_contents/NiHxC15e"
"https://storage.googleapis.com/studio-cms-assets/projects/NxqgdRVEa1/s-326x468_9d984368-e4ab-46a7-a0fd-4ae45dc86c71.webp",webp,"img[src]","/news_contents/agri_ai_pest_diagnosis"
"https://storage.googleapis.com/studio-cms-assets/projects/NxqgdRVEa1/s-327x743_8e93e9fc-2710-41b4-8ca1-edff3f82eeac.webp",webp,"img[src]","/news_contents/report_saver"
"https://storage.googleapis.com/studio-cms-assets/projects/NxqgdRVEa1/s-3925x3024_v-frms_webp_6bf5501a-a0b1-435f-807e-798f5378e35a_small.webp",webp,"img[src]","/news_contents/report_nishinihon_seizou_gijutsu_innovation_2025"
"https://storage.googleapis.com/studio-cms-assets/projects/NxqgdRVEa1/s-4032x3024_v-frms_webp_07230cc5-1c5b-408e-a1b6-d8ccbdc45e16_small.webp",webp,"img[src]","/news_contents/250702_nishinihon_seizou_gijutsu_innovation_2025"
"https://storage.googleapis.com/studio-cms-assets/projects/NxqgdRVEa1/s-4032x3024_v-frms_webp_61644007-7fb1-4da2-9ef3-71b3067ddc3a_small.webp",webp,"img[src]","/news_contents/250702_nishinihon_seizou_gijutsu_innovation_2025"
"https://storage.googleapis.com/studio-cms-assets/projects/NxqgdRVEa1/s-409x596_webp_09d58890-84fa-4cc2-9a36-505552b484d2.webp",webp,"img[src]","/news_contents/1Px2hizl"
"https://storage.googleapis.com/studio-cms-assets/projects/NxqgdRVEa1/s-455x105_webp_b44524c8-4081-4c41-be38-941b3bb2114d.webp",webp,"img[src]","/LA-Eye"
"https://storage.googleapis.com/studio-cms-assets/projects/NxqgdRVEa1/s-468x338_webp_805662e4-8c57-48d2-a370-20ff5f3bc3d8.webp",webp,"img[src]","/news_contents/NiHxC15e"
"https://storage.googleapis.com/studio-cms-assets/projects/NxqgdRVEa1/s-480x1030_f23cb46a-f325-4c75-910b-26143d608867.webp",webp,"img[src]","/news_contents/production_system"
"https://storage.googleapis.com/studio-cms-assets/projects/NxqgdRVEa1/s-481x358_63cb3dbb-b683-4b4e-913f-d8126119fe2f.webp",webp,"img[src]","/news_contents/direct_sales_growth"
"https://storage.googleapis.com/studio-cms-assets/projects/NxqgdRVEa1/s-508x456_webp_decc596a-629a-4456-a5fd-7b76c3d2d041.webp",webp,"img[src]","/news_contents/kix_regional"
"https://storage.googleapis.com/studio-cms-assets/projects/NxqgdRVEa1/s-512x238_7c1b3335-97b8-4988-9087-01a96518cf8d.webp",webp,"img[src]","/news_contents/direct_sales_growth"
"https://storage.googleapis.com/studio-cms-assets/projects/NxqgdRVEa1/s-512x317_c4980596-8f68-454d-8c5a-abbdafdb80ca.webp",webp,"img[src]","/news_contents/production_system"
"https://storage.googleapis.com/studio-cms-assets/projects/NxqgdRVEa1/s-512x560_e61df8d1-e480-4684-9c78-79a505b5f4b5.webp",webp,"img[src]","/news_contents/dx_training"
"https://storage.googleapis.com/studio-cms-assets/projects/NxqgdRVEa1/s-521x345_webp_b911625b-d4a2-4d32-b184-47dd43fc49fb.webp",webp,"img[src]","/news_contents/Lt7nhAJW"
"https://storage.googleapis.com/studio-cms-assets/projects/NxqgdRVEa1/s-528x839_v-fs_webp_cca49d5e-c95d-45dc-9df8-3c9c3031433c.webp",webp,"img[src]","/news_contents/qLXH9V5q"
"https://storage.googleapis.com/studio-cms-assets/projects/NxqgdRVEa1/s-528x944_da764807-b478-4fd6-99c2-741c668b5c46.webp",webp,"img[src]","/news_contents/pollination_drone"
"https://storage.googleapis.com/studio-cms-assets/projects/NxqgdRVEa1/s-529x685_f1acf0de-adf7-4765-b1d3-2be47cae14e7.webp",webp,"img[src]","/news_contents/agrigpt"
"https://storage.googleapis.com/studio-cms-assets/projects/NxqgdRVEa1/s-530x627_c0399c4a-c1ed-49bf-a7e4-ae7ef18fc4c2.webp",webp,"img[src]","/news_contents/agrigpt"
"https://storage.googleapis.com/studio-cms-assets/projects/NxqgdRVEa1/s-532x621_2127daf1-b5af-4654-beb4-267c11cdc221.webp",webp,"img[src]","/news_contents/agrigpt"
"https://storage.googleapis.com/studio-cms-assets/projects/NxqgdRVEa1/s-545x139_webp_a46592b5-c52f-4dec-bbf8-996be5284fca.webp",webp,"img[src]","/LA-Eye"
"https://storage.googleapis.com/studio-cms-assets/projects/NxqgdRVEa1/s-550x60_webp_14604eba-a108-4e68-b6d9-28072fed8fdb.webp",webp,"img[src]","/LA-Eye"
"https://storage.googleapis.com/studio-cms-assets/projects/NxqgdRVEa1/s-560x314_webp_585e88eb-87e8-45fc-a8e6-533bdcc98a94.webp",webp,"img[src]","/news_contents/KYoUuJfD"
"https://storage.googleapis.com/studio-cms-assets/projects/NxqgdRVEa1/s-587x619_7c7bea26-9778-47ad-a0e7-863584a91414.webp",webp,"img[src]","/news_contents/agrigpt"
"https://storage.googleapis.com/studio-cms-assets/projects/NxqgdRVEa1/s-599x826_v-fs_webp_0d6fc7ad-f044-424f-8538-f67ca433142e.webp",webp,"img[src]","/news_contents/7Gdyp5tY"
"https://storage.googleapis.com/studio-cms-assets/projects/NxqgdRVEa1/s-6000x3497_v-frms_webp_b6e0ecfb-2aac-47f1-85c9-d18ee9800308_middle.webp",webp,"img[src]","/news_contents/ai_camera"
"https://storage.googleapis.com/studio-cms-assets/projects/NxqgdRVEa1/s-600x888_5403c723-8c9e-42c3-922d-c217af4a218c.webp",webp,"img[src]","/news_contents/agrigpt"
"https://storage.googleapis.com/studio-cms-assets/projects/NxqgdRVEa1/s-604x897_a1d83105-02be-4522-9bfa-a7a5fad0a693.webp",webp,"img[src]","/news_contents/agrigpt"
"https://storage.googleapis.com/studio-cms-assets/projects/NxqgdRVEa1/s-618x96_v-fs_webp_c3399d94-13a7-4666-a751-6df40c7304f2_small.webp",webp,"img[src]","/LA-Eye"
"https://storage.googleapis.com/studio-cms-assets/projects/NxqgdRVEa1/s-630x80_v-fs_webp_a949f8dc-efa9-4050-ab55-aad94d484175_small.webp",webp,"img[src]","/LA-Eye"
"https://storage.googleapis.com/studio-cms-assets/projects/NxqgdRVEa1/s-652x105_v-fs_webp_970bff2e-5c1a-4fad-8927-ac44fc982add_small.webp",webp,"img[src]","/LA-Eye"
"https://storage.googleapis.com/studio-cms-assets/projects/NxqgdRVEa1/s-670x948_v-fs_webp_7443c8fa-600e-4528-9aef-130435f7f57b.webp",webp,"img[src]","/news_contents/YVtpxE-Z"
"https://storage.googleapis.com/studio-cms-assets/projects/NxqgdRVEa1/s-699x535_v-fs_webp_758adf26-a645-4ce2-9404-d65e39b383b4_small.webp",webp,"img[src]","/news_contents/oGSdJQFD"
"https://storage.googleapis.com/studio-cms-assets/projects/NxqgdRVEa1/s-719x800_v-fs_webp_71637b83-3f5e-499c-9ca4-ea36832c21d2_small.webp",webp,"img[src]","/news_contents/aKi4hP-D"
"https://storage.googleapis.com/studio-cms-assets/projects/NxqgdRVEa1/s-721x960_v-fs_webp_b1b22fba-f10f-480a-ba77-b9b0ee3f2c7b.webp",webp,"img[src]","/news_contents/m6t-E6UJ"
"https://storage.googleapis.com/studio-cms-assets/projects/NxqgdRVEa1/s-734x518_08e495bf-d437-4081-8257-a185cdb64756.webp",webp,"img[src]","/news_contents/agri_ai_pest_diagnosis"
"https://storage.googleapis.com/studio-cms-assets/projects/NxqgdRVEa1/s-735x1039_v-fs_webp_d6fd77be-047e-4540-bf6f-1d5649d6c546.webp",webp,"img[src]","/news_contents/dx_seminar"
"https://storage.googleapis.com/studio-cms-assets/projects/NxqgdRVEa1/s-802x467_9e738ff1-8aef-497e-b8b2-403870e4e62f.webp",webp,"img[src]","/news_contents/agri_ai_pest_diagnosis"
"https://storage.googleapis.com/studio-cms-assets/projects/NxqgdRVEa1/s-868x690_081a82d5-132d-43a3-976f-1fdf0cbbc0dd.webp",webp,"img[src]","/news_contents/direct_sales_growth"
"https://storage.googleapis.com/studio-cms-assets/projects/NxqgdRVEa1/s-877x1243_v-fms_webp_69a8f2a6-a747-47d1-b475-9d0f626be19c_middle.webp",webp,"img[src]","/news_contents/ai_workshop"
"https://storage.googleapis.com/studio-cms-assets/projects/NxqgdRVEa1/s-885x945_96a4a537-0a6f-468f-9649-ed3873e997a1.webp",webp,"img[src]","/news_contents/direct_sales_growth"
"https://storage.googleapis.com/studio-cms-assets/projects/NxqgdRVEa1/s-926x472_e9a1dbb5-c5fa-43b4-8ab9-f743602992f3.webp",webp,"img[src]","/news_contents/direct_sales_growth"
"https://storage.googleapis.com/studio-cms-assets/projects/NxqgdRVEa1/s-932x906_v-fs_webp_87bf4ab3-e750-4e5d-95ae-4d2e873d6097_small.webp",webp,"img[src]","/news_contents/6Z3uIHE8"
"https://storage.googleapis.com/studio-cms-assets/projects/NxqgdRVEa1/s-949x528_9865b7e9-25b5-48e7-9a9a-ee12358b1657.webp",webp,"img[src]","/news_contents/forecast_ai"
"https://storage.googleapis.com/studio-cms-assets/projects/NxqgdRVEa1/s-951x532_8e61ff5d-f10e-4827-a041-64baaaa67ba5.webp",webp,"img[src]","/news_contents/forecast_ai"
"https://storage.googleapis.com/studio-cms-assets/projects/NxqgdRVEa1/s-953x532_66a5fa13-d8f7-4ffd-aaf1-cd5672a68752.webp",webp,"img[src]","/news_contents/forecast_ai"
"https://storage.googleapis.com/studio-cms-assets/projects/NxqgdRVEa1/s-953x535_d96afff1-a612-414e-9e3b-634bad150b26.webp",webp,"img[src]","/news_contents/forecast_ai"
"https://storage.googleapis.com/studio-cms-assets/projects/NxqgdRVEa1/s-954x536_811a1680-f5ad-4cf1-86ed-ca9e9e0fe55f.webp",webp,"img[src]","/news_contents/forecast_ai"
"https://storage.googleapis.com/studio-cms-assets/projects/NxqgdRVEa1/s-954x539_97517658-53dc-4bbe-a609-ff5692714180.webp",webp,"img[src]","/news_contents/forecast_ai"
"https://storage.googleapis.com/studio-cms-assets/projects/NxqgdRVEa1/s-956x537_120672ba-1e27-40da-a3f2-48f20dbc53db.webp",webp,"img[src]","/news_contents/forecast_ai"
"https://storage.googleapis.com/studio-cms-assets/projects/NxqgdRVEa1/s-957x249_46350992-31b4-4a0f-833c-235404d4f4cc.webp",webp,"img[src]","/news_contents/direct_sales_growth"
"https://storage.googleapis.com/studio-cms-assets/projects/NxqgdRVEa1/s-958x540_9b32c94b-7f68-4235-b634-352b4375d093.webp",webp,"img[src]","/news_contents/forecast_ai"
"https://storage.googleapis.com/studio-cms-assets/projects/NxqgdRVEa1/s-960x540_a76a77b5-a6d9-4931-9d53-a9c9e5583b2a.webp",webp,"img[src]","/news_contents/ai_camera"
"https://storage.googleapis.com/studio-cms-assets/projects/NxqgdRVEa1/s-960x960_v-fs_webp_59b2d3d4-d2ec-4fa7-a909-d21c30b2b340_small.webp",webp,"img[src]","/news_contents/HK-Rx2vO"
"https://storage.googleapis.com/studio-design-asset-files/projects/NxqgdRVEa1/s-1043x534_v-fs_webp_4bdf8c0d-03fb-4f22-932a-4d9148e41b00_small.webp",webp,"img[src]","/news_contents/kyushu_gathering"
"https://storage.googleapis.com/studio-design-asset-files/projects/NxqgdRVEa1/s-1142x839_v-fs_webp_f5487dae-5b23-49b6-bdb0-6cc56672eb91_small.webp",webp,"img[src]","/la-oca"
"https://storage.googleapis.com/studio-design-asset-files/projects/NxqgdRVEa1/s-1280x670_v-fms_webp_20b72b0c-bac1-4d7a-bb15-b86dd567e97c_middle.webp",webp,"img[src]","/news_contents/hyogo_fukyu"
"https://storage.googleapis.com/studio-design-asset-files/projects/NxqgdRVEa1/s-1280x670_v-fms_webp_289268ef-0b3e-4174-85ad-3c9f68797645_middle.webp",webp,"img[src]","/news_contents/kyushu_gathering"
"https://storage.googleapis.com/studio-design-asset-files/projects/NxqgdRVEa1/s-1280x670_v-fms_webp_2e755476-68a1-4691-adcf-641c194af967_middle.webp",webp,"img[src]","/news_contents/LA_smartagri"
"https://storage.googleapis.com/studio-design-asset-files/projects/NxqgdRVEa1/s-1280x670_v-fms_webp_302cbfe9-d381-48c8-94c7-225410b0dc94_middle.webp",webp,"img[src]","/news_contents/dempa_kyotei"
"https://storage.googleapis.com/studio-design-asset-files/projects/NxqgdRVEa1/s-1280x670_v-fms_webp_76feb8f8-5350-4ac6-b6c8-6220ebfeda67_middle.webp",webp,"img[src]","/news_contents/fiweek"
"https://storage.googleapis.com/studio-design-asset-files/projects/NxqgdRVEa1/s-1280x670_v-fms_webp_77798718-ec78-44f9-848e-b2b533924c95_middle.webp",webp,"img[src]","/news_contents/fisa_nisa"
"https://storage.googleapis.com/studio-design-asset-files/projects/NxqgdRVEa1/s-1280x670_v-fms_webp_a0bcecc2-94c3-42c4-8e67-20f495627c91_middle.webp",webp,"img[src]","/news_contents/LA-Projectdesign"
"https://storage.googleapis.com/studio-design-asset-files/projects/NxqgdRVEa1/s-1280x670_v-fms_webp_e459d55c-32ee-45ec-abd0-f3fdca5ce1a3_middle.webp",webp,"img[src]","/news_contents/sasebo_ntc"
"https://storage.googleapis.com/studio-design-asset-files/projects/NxqgdRVEa1/s-1280x670_v-fms_webp_fbee87aa-9f43-497a-8ad1-ddeb3bfe98d4_middle.webp",webp,"img[src]","/news_contents/report_fiweek"
"https://storage.googleapis.com/studio-design-asset-files/projects/NxqgdRVEa1/s-1332x942_v-fms_webp_81d2671c-b75c-4388-bb6b-eb7b6ca1bce6_small.webp",webp,"img[src]","/news_contents/LA_smartagri"
"https://storage.googleapis.com/studio-design-asset-files/projects/NxqgdRVEa1/s-1346x1346_v-fms_webp_97709a95-ea9f-460a-9a0d-46f64a7db8b4_small.webp",webp,"img[src]","/"
"https://storage.googleapis.com/studio-design-asset-files/projects/NxqgdRVEa1/s-1920x1005_v-frms_webp_3efea728-605b-48eb-9cbf-74741a04084e_middle.webp",webp,"img[src]","/news_contents/gyojo_monitoring"
"https://storage.googleapis.com/studio-design-asset-files/projects/NxqgdRVEa1/s-1920x1005_v-frms_webp_c0121a4c-0923-4b9a-815e-47d4c3bc0556_middle.webp",webp,"img[src]","/news_contents/nagasaki-urepo;/news_contents/LA_FieldWorkers"
"https://storage.googleapis.com/studio-design-asset-files/projects/NxqgdRVEa1/s-1920x1005_v-frms_webp_d91c39ef-2a3f-4c2e-9653-0c0edfcbdc97_middle.webp",webp,"img[src]","/news_contents/MHI-Power-Control-Systems_LAplust"
"https://storage.googleapis.com/studio-design-asset-files/projects/NxqgdRVEa1/s-1920x1080_170574dd-7d9a-42c5-b72e-abd60b427eac.mp4#t=0.01",mp4,"video[src]","/la-oca"
"https://storage.googleapis.com/studio-design-asset-files/projects/NxqgdRVEa1/s-1920x1080_3d503b34-7a9b-464f-b179-638993782156.mp4#t=0.01",mp4,"video[src]","/la-oca"
"https://storage.googleapis.com/studio-design-asset-files/projects/NxqgdRVEa1/s-1920x1080_3e7deceb-7930-49cc-a27d-182bfb90043b.mp4#t=0.01",mp4,"video[src]","/la-oca"
"https://storage.googleapis.com/studio-design-asset-files/projects/NxqgdRVEa1/s-1920x1080_40ed8c41-691d-4c9c-979a-d4bddd00be99.mp4#t=0.01",mp4,"video[src]","/"
"https://storage.googleapis.com/studio-design-asset-files/projects/NxqgdRVEa1/s-1920x1080_49ec0a8f-0a65-4643-b21d-f6378d99683e.mp4#t=0.01",mp4,"video[src]","/LA-Eye"
"https://storage.googleapis.com/studio-design-asset-files/projects/NxqgdRVEa1/s-1920x1080_576cb1c9-d182-4977-9867-6afddfd3aaac.mp4#t=0.01",mp4,"video[src]","/"
"https://storage.googleapis.com/studio-design-asset-files/projects/NxqgdRVEa1/s-1920x1080_c8ce9bb2-d528-4e03-bf3a-0a0e44aeefae.mp4#t=0.01",mp4,"video[src]","/"
"https://storage.googleapis.com/studio-design-asset-files/projects/NxqgdRVEa1/s-1920x1080_deec6234-8bcd-410f-ae08-32ac8ca8af9d.mp4#t=0.01",mp4,"video[src]","/la-oca"
"https://storage.googleapis.com/studio-design-asset-files/projects/NxqgdRVEa1/s-2048x1221_80c3936a-8e6b-485d-a8c8-21c21397eabf.webp",webp,"img[src]","/technology"
"https://storage.googleapis.com/studio-design-asset-files/projects/NxqgdRVEa1/s-2074x634_v-frms_webp_fc38d211-0011-4310-8bb3-358d8fc71c89_small.webp",webp,"img[src]","/news_contents/hyogo_fukyu"
"https://storage.googleapis.com/studio-design-asset-files/projects/NxqgdRVEa1/s-2167x1523_v-frms_webp_f35e9dd7-ffdd-489b-9fde-bc7b951bb4ab_small.webp",webp,"img[src]","/LA-Eye"
"https://storage.googleapis.com/studio-design-asset-files/projects/NxqgdRVEa1/s-2400x635_v-frms_webp_3e014767-8a79-452d-96d8-a268976b0c55_small.webp",webp,"img[src]","/"
"https://storage.googleapis.com/studio-design-asset-files/projects/NxqgdRVEa1/s-240x63_webp_cd594453-5652-4774-93d2-78f773bd04d3.webp",webp,"img[src]","/la-oca"
"https://storage.googleapis.com/studio-design-asset-files/projects/NxqgdRVEa1/s-256x256_webp_f91d2c53-7ee5-4dac-9e76-c1745b559182.webp",webp,"img[src]","/LA-Eye"
"https://storage.googleapis.com/studio-design-asset-files/projects/NxqgdRVEa1/s-257x12_webp_6577ca90-af4b-4669-93e6-da6c721e394c.webp",webp,"img[src]","/"
"https://storage.googleapis.com/studio-design-asset-files/projects/NxqgdRVEa1/s-28x25_webp_baa795dc-01be-459e-92dd-b60493432a58.webp",webp,"img[src]","/"
"https://storage.googleapis.com/studio-design-asset-files/projects/NxqgdRVEa1/s-300x300_webp_18b75fe3-ad8c-45fa-8b0f-4b43f82c2cf2.webp",webp,"img[src]","/la-oca"
"https://storage.googleapis.com/studio-design-asset-files/projects/NxqgdRVEa1/s-300x300_webp_44c120e4-0356-4835-84af-a5b8a94bff72.webp",webp,"img[src]","/la-oca"
"https://storage.googleapis.com/studio-design-asset-files/projects/NxqgdRVEa1/s-300x300_webp_df103650-2f89-4901-91fd-7d5489722379.webp",webp,"img[src]","/la-oca"
"https://storage.googleapis.com/studio-design-asset-files/projects/NxqgdRVEa1/s-5712x4284_v-frms_webp_bf61ca22-508b-42e3-9b82-57e75b2881a6_small.webp",webp,"img[src]","/news_contents/report_fiweek"
"https://storage.googleapis.com/studio-design-asset-files/projects/NxqgdRVEa1/s-64x64_webp_2c7e804e-e286-466e-9648-a92fddce8ad2.webp",webp,"img[src]","/la-oca"
"https://storage.googleapis.com/studio-design-asset-files/projects/NxqgdRVEa1/s-64x64_webp_b26235f4-fc7b-45fe-8a21-6f9e41f4fc26.webp",webp,"img[src]","/la-oca"
"https://storage.googleapis.com/studio-design-asset-files/projects/NxqgdRVEa1/s-64x64_webp_ee28a452-4d97-46dc-b6dd-bde2abde4aa2.webp",webp,"img[src]","/la-oca"
"https://storage.googleapis.com/studio-design-asset-files/projects/NxqgdRVEa1/s-807x411_v-fs_webp_277843cb-f3af-4c69-9200-e47347f1da34_small.webp",webp,"img[src]","/news_contents/Akashio"
"https://storage.googleapis.com/studio-design-asset-files/projects/NxqgdRVEa1/s-814x661_v-fs_webp_c1ef3b5c-5d29-4959-98fe-746de16ad651_small.webp",webp,"img[src]","/news_contents/nagasaki-urepo"
"https://storage.googleapis.com/studio-design-asset-files/projects/NxqgdRVEa1/s-870x453_v-fs_webp_4f8116ca-bd53-4bbc-a6ba-ed8f5de7a493.webp",webp,"img[src]","/news_contents/Akashio"
"https://storage.googleapis.com/studio-design-asset-files/projects/NxqgdRVEa1/s-931x521_v-fs_webp_b9aefc6a-a3c2-4ab3-94e3-04cd496c5700_small.webp",webp,"img[src]","/news_contents/fiweek"
"https://storage.googleapis.com/studio-design-asset-files/projects/NxqgdRVEa1/s-998x562_61d0ca70-ef1e-42e8-bf3e-d7fe84d9b6d3.webp",webp,"img[src]","/technology"
